V acc	Cursor X	Cursor Y
8	0.784091	0.103159
16	1.568182	0.113945
24	2.359848	0.113945
32	3.147727	0.10963
40	3.935606	0.12473
